﻿<?xml version="1.0" encoding="UTF-8" standalone="yes"?>
<addon id="plugin.soest.page" name="soestPage" version="1.3+matrix" provider-name="Publish3r">
  <requires>
    <import addon="xbmc.python" version="3.0.0"/>
    <import addon="script.module.requests" version="2.12.4" />
    <import addon="script.module.dateutil" />
    <import addon="script.module.beautifulsoup4" />
  </requires>
  <extension point="xbmc.python.pluginsource" library="default.py">
    <provides>video</provides>
  </extension>
  <extension point="xbmc.addon.metadata">
    <summary lang="de">soestPage</summary>
    <description lang="de">Alles rund um die Stadt- und den Kreis Soest.</description>
    <disclaimer lang="de"></disclaimer>
    <language>de</language>
    <platform>all</platform>
    <assets>
        <icon>icon.png</icon>
        <fanart>fanart.jpg</fanart>
    </assets>
  </extension>
</addon>
