﻿<?xml version="1.0" encoding="UTF-8" standalone="yes"?>
<addon id="plugin.tplink.hs100" name="TP Link HS100" version="1.0.2+matrix" provider-name="Publish3r">
  <requires>
    <import addon="xbmc.python" version="3.0.0"/>
  </requires>
  <extension point="xbmc.python.pluginsource" library="default.py">
    <provides>executable</provides>
  </extension>
  <extension point="xbmc.addon.metadata">
    <summary lang="en_GB">TP Link HS100</summary>
    <summary lang="de_DE">TP Link HS100</summary>
    <description lang="en_GB">TP Link HS100 Control Panel</description>
    <description lang="de_DE">TP Link HS100 Control Panel</description>
    <disclaimer lang="en_GB"></disclaimer>
    <disclaimer lang="de_DE"></disclaimer>
    <language>en de</language>
    <platform>all</platform>
    <assets>
        <icon>icon.png</icon>
        <fanart>fanart.jpg</fanart>
    </assets>
  </extension>
</addon>