﻿<?xml version="1.0" encoding="UTF-8" standalone="yes"?>
<addon id="repository.publish3r" name="Publish3r Repository" version="2020.1" provider-name="Publish3r">
	<extension point="xbmc.addon.repository" name="Publish3r">
		<info compressed="true">https://raw.githubusercontent.com/Publish3r/repository.publish3r/master/addons.xml</info>
		<checksum>https://raw.githubusercontent.com/Publish3r/repository.publish3r/master/addons.xml.md5</checksum>
		<datadir zip="true">https://raw.githubusercontent.com/Publish3r/repository.publish3r/master/</datadir>
	</extension>
	<extension point="xbmc.addon.metadata">
		<summary lang="en">Publish3r's Official Repository</summary>
		<summary lang="de">Publish3r's Offizielles Repository</summary>
		<description lang="en">Publish3r's development:[CR][CR]Support in the Kodinerds forum.[CR]https://www.kodinerds.net</description>
		<description lang="de">Publish3r's development:[CR][CR]Support im Kodinerds Forum.[CR]https://www.kodinerds.net</description>
		<platform>all</platform>
	</extension>
</addon>
